{
    "version": 1,
    "disable_existing_loggers": false,
    "formatters": {
        "simple": {
            "()": "colorlog.ColoredFormatter",
            "format": "%(log_color)s%(asctime)s - %(name)s - %(levelname)s - %(message)s%(reset)s"
        }
    },
    "handlers": {
        "console": {
            "class": "logging.StreamHandler",
            "level": "INFO",
            "formatter": "simple",
            "stream": "ext://sys.stdout"
        },
        "info_file_handler": {
            "class": "logging.handlers.RotatingFileHandler",
            "level": "INFO",
            "formatter": "simple",
            "filename": "/var/log/antinex/pipeline/pipeline.log",
            "maxBytes": 1048576,
            "backupCount": 1,
            "encoding": "utf8"
        }
    },
    "loggers": {
        "my_module": {
            "level": "ERROR",
            "handlers": ["console"],
            "propagate": "no"
        }
    },
    "root": {
        "level": "INFO",
        "handlers": ["console", "info_file_handler"]
    }
}
