{
    "label": "Full-Django-AntiNex-Simple-Scaler-DNN",
    "predict_rows": [
	    {
            "_dataset_index": 30198,
            "arp_hwlen": -1.0,
            "arp_hwtype": -1.0,
            "arp_id": -1.0,
            "arp_op": -1.0,
            "arp_plen": -1.0,
            "arp_ptype": -1.0,
            "dns_default_aa": -1.0,
            "dns_default_ad": -1.0,
            "dns_default_an": -1.0,
            "dns_default_ancount": -1.0,
            "dns_default_ar": -1.0,
            "dns_default_arcount": -1.0,
            "dns_default_cd": -1.0,
            "dns_default_id": -1.0,
            "dns_default_length": -1.0,
            "dns_default_ns": -1.0,
            "dns_default_nscount": -1.0,
            "dns_default_opcode": -1.0,
            "dns_default_qd": -1.0,
            "dns_default_qdcount": -1.0,
            "dns_default_qr": -1.0,
            "dns_default_ra": -1.0,
            "dns_default_rcode": -1.0,
            "dns_default_rd": -1.0,
            "dns_default_tc": -1.0,
            "dns_default_z": -1.0,
            "dns_id": -1.0,
            "eth_id": -1.0,
            "eth_type": 2048.0,
            "icmp_addr_mask": -1.0,
            "icmp_code": -1.0,
            "icmp_gw": -1.0,
            "icmp_id": -1.0,
            "icmp_ptr": -1.0,
            "icmp_seq": -1.0,
            "icmp_ts_ori": -1.0,
            "icmp_ts_rx": -1.0,
            "icmp_ts_tx": -1.0,
            "icmp_type": -1.0,
            "icmp_unused": -1.0,
            "idx": 4398.0,
            "ip_id": -1.0,
            "ip_ihl": 5.0,
            "ip_len": 26313.0,
            "ip_tos": 0.0,
            "ip_version": 4.0,
            "ipv6_fl": -1.0,
            "ipv6_hlim": -1.0,
            "ipv6_nh": -1.0,
            "ipv6_plen": -1.0,
            "ipv6_tc": -1.0,
            "ipv6_version": -1.0,
            "ipvsix_id": -1.0,
            "label_value": 0.0,
            "pad_id": -1.0,
            "tcp_dport": 32874.0,
            "tcp_fields_options.MSS": -1.0,
            "tcp_fields_options.NOP": -1.0,
            "tcp_fields_options.SAckOK": -1.0,
            "tcp_fields_options.Timestamp": 3286116805.0,
            "tcp_fields_options.WScale": -1.0,
            "tcp_id": -1.0,
            "tcp_seq": 65064.0,
            "tcp_sport": 8080.0,
            "udp_dport": -1.0,
            "udp_id": -1.0,
            "udp_len": -1.0,
            "udp_sport": -1.0
        },
        {
            "_dataset_index": 30199,
            "arp_hwlen": -1.0,
            "arp_hwtype": -1.0,
            "arp_id": -1.0,
            "arp_op": -1.0,
            "arp_plen": -1.0,
            "arp_ptype": -1.0,
            "dns_default_aa": -1.0,
            "dns_default_ad": -1.0,
            "dns_default_an": -1.0,
            "dns_default_ancount": -1.0,
            "dns_default_ar": -1.0,
            "dns_default_arcount": -1.0,
            "dns_default_cd": -1.0,
            "dns_default_id": -1.0,
            "dns_default_length": -1.0,
            "dns_default_ns": -1.0,
            "dns_default_nscount": -1.0,
            "dns_default_opcode": -1.0,
            "dns_default_qd": -1.0,
            "dns_default_qdcount": -1.0,
            "dns_default_qr": -1.0,
            "dns_default_ra": -1.0,
            "dns_default_rcode": -1.0,
            "dns_default_rd": -1.0,
            "dns_default_tc": -1.0,
            "dns_default_z": -1.0,
            "dns_id": -1.0,
            "eth_id": -1.0,
            "eth_type": 2048.0,
            "icmp_addr_mask": -1.0,
            "icmp_code": -1.0,
            "icmp_gw": -1.0,
            "icmp_id": -1.0,
            "icmp_ptr": -1.0,
            "icmp_seq": -1.0,
            "icmp_ts_ori": -1.0,
            "icmp_ts_rx": -1.0,
            "icmp_ts_tx": -1.0,
            "icmp_type": -1.0,
            "icmp_unused": -1.0,
            "idx": 4399.0,
            "ip_id": -1.0,
            "ip_ihl": 5.0,
            "ip_len": 58417.0,
            "ip_tos": 0.0,
            "ip_version": 4.0,
            "ipv6_fl": -1.0,
            "ipv6_hlim": -1.0,
            "ipv6_nh": -1.0,
            "ipv6_plen": -1.0,
            "ipv6_tc": -1.0,
            "ipv6_version": -1.0,
            "ipvsix_id": -1.0,
            "label_value": 0.0,
            "pad_id": -1.0,
            "tcp_dport": 32846.0,
            "tcp_fields_options.MSS": -1.0,
            "tcp_fields_options.NOP": -1.0,
            "tcp_fields_options.SAckOK": -1.0,
            "tcp_fields_options.Timestamp": 3286117454.0,
            "tcp_fields_options.WScale": -1.0,
            "tcp_id": -1.0,
            "tcp_seq": 65299.0,
            "tcp_sport": 8080.0,
            "udp_dport": -1.0,
            "udp_id": -1.0,
            "udp_len": -1.0,
            "udp_sport": -1.0
        }
    ],
    "apply_scaler": true,
    "ml_type": "classification",
    "predict_feature": "label_value",
    "features_to_process": [
        "idx",
        "arp_hwlen",
        "arp_hwtype",
        "arp_id",
        "arp_op",
        "arp_plen",
        "arp_ptype",
        "dns_default_aa",
        "dns_default_ad",
        "dns_default_an",
        "dns_default_ancount",
        "dns_default_ar",
        "dns_default_arcount",
        "dns_default_cd",
        "dns_default_id",
        "dns_default_length",
        "dns_default_ns",
        "dns_default_nscount",
        "dns_default_opcode",
        "dns_default_qd",
        "dns_default_qdcount",
        "dns_default_qr",
        "dns_default_ra",
        "dns_default_rcode",
        "dns_default_rd",
        "dns_default_tc",
        "dns_default_z",
        "dns_id",
        "eth_id",
        "eth_type",
        "icmp_addr_mask",
        "icmp_code",
        "icmp_gw",
        "icmp_id",
        "icmp_ptr",
        "icmp_seq",
        "icmp_ts_ori",
        "icmp_ts_rx",
        "icmp_ts_tx",
        "icmp_type",
        "icmp_unused",
        "ip_id",
        "ip_ihl",
        "ip_len",
        "ip_tos",
        "ip_version",
        "ipv6_fl",
        "ipv6_hlim",
        "ipv6_nh",
        "ipv6_plen",
        "ipv6_tc",
        "ipv6_version",
        "ipvsix_id",
        "pad_id",
        "tcp_dport",
        "tcp_fields_options.MSS",
        "tcp_fields_options.NOP",
        "tcp_fields_options.SAckOK",
        "tcp_fields_options.Timestamp",
        "tcp_fields_options.WScale",
        "tcp_id",
        "tcp_seq",
        "tcp_sport",
        "udp_dport",
        "udp_id",
        "udp_len",
        "udp_sport"
    ],
    "ignore_features": [
    ],
    "sort_values": [
    ],
    "seed": 42,
    "test_size": 0.2,
    "batch_size": 32,
    "epochs": 15,
    "num_splits": 2,
    "loss": "binary_crossentropy",
    "optimizer": "adam",
    "metrics": [
        "accuracy"
    ],
    "histories": [
        "val_loss",
        "val_acc",
        "loss",
        "acc"
    ],
    "model_desc": {
        "layers": [
            {
                "num_neurons": 200,
                "init": "uniform",
                "activation": "relu"
            },
            {
                "num_neurons": 1,
                "init": "uniform",
                "activation": "sigmoid"
            }
        ]
    },
    "label_rules": {
        "labels": [
            "not_attack",
            "not_attack",
            "attack"
        ],
        "label_values": [
            -1,
            0,
            1
        ]
    },
    "version": 1
}
